# Pet and short forms of given names: a full name, a tab, its forms between spaces. A form proposes the one
# listed name it shares a line with.
samuel	sam sammy sammie
samantha	sam sammy sammie sami
samson	sam sammy
ana	ani anita
anna	ann anne annie anya nan nancy
hannah	hanna anna annie nan
joanna	jo joey jojo joanie
johanna	jo jojo hanna
joan	jo joanie
josephine	jo josie jojo
joseph	joe joey jo jojo jody
jolene	jo jojo
jonathan	jon jonny
john	jon johnny jack
maria	mari marita mia ria mimi
mary	molly polly mae mimi mia
marianne	marian mary anne
pamela	pam pammy
salvatore	sal
sarah	sally sadie sara
daniel	dan danny
dana	dana
thomas	tom tommy
james	jim jimmy
martha	marty mattie
